claim_id,section,claim,status,experiment_id,evidence_files,assumptions,notes
C01,4.1/5.1,Exact ZOH with Delta=dt*g is invariant under splitting of a held interval (max change 6.3e-15),STANDARD (Prop. 4.1) + ENGINEERING_PASS,FR-E1-SPLIT,results/raw/FR-E1-SPLIT__uniform-real.jsonl; results/raw/hypotheses.json (H1),"held input repeated on sub-steps; coefficients depend only on the held value; step = sub-step length * g; exact ZOH formulas",flow composition is textbook; not a contribution
C02,5.1,Exact-ZOH code agrees with independent RK4 on the held path (1.6e-13),ENGINEERING_PASS,FR-E1-SPLIT,results/raw/FR-E1-SPLIT__uniform-real.jsonl (reference_check),RK4 sub-steps per amendment A1,
C03,5.1,Euler-B with Delta=dt*g converges at first order (median slope -1.03) with median base-step artifact 0.21,TOY_MEASURED (pre-registered H2),FR-E1-SPLIT,results/raw/FR-E1-SPLIT__uniform-real.jsonl; paper/generated/tab_split.tex,toy Delta*|lambda| scale; fixed parameters,magnitude not transferable to trained models
C04,5.1,Bilinear with Delta=dt*g converges at second order (median slope -2.02),TOY_MEASURED (pre-registered H3),FR-E1-SPLIT,results/raw/FR-E1-SPLIT__uniform-real.jsonl,real modes,
C05,5.1,With Delta=tau*g the splitting artifact grows with m (median 0.48 at m=2 to 1.3 at m=8),TOY_MEASURED (pre-registered H4; by construction),FR-E1-SPLIT,results/raw/FR-E1-SPLIT__uniform-real.jsonl,tau = base step,mechanism illustration; not evidence about Mamba
C06,4.1/5.2,Bilinear is stable for all steps but sign-alternating for z<-2 and inaccurate in stiff decay (Abar=-0.977 at lambda=-500); its steady state is exact,STANDARD (analysis) + TOY_MEASURED; stable/sign/decay columns EXPLORATORY,FR-E4-NUMERICS (N2; N3),results/raw/FR-E4-NUMERICS__scalar.jsonl; paper/generated/tab_stiff.tex,scalar mode; g=ln2; base step 0.5,
C07,5.2,Euler-B overestimates stiff-mode gain (artifact 170 at lambda=-500) and its steady-state error grows from 3.5e-3 (dt=0.01) to 4.6 (dt=8),TOY_MEASURED,FR-E4-NUMERICS (N2; N3),results/raw/FR-E4-NUMERICS__scalar.jsonl,scalar mode,
C08,5.3,With new observations the exact-ZOH output change equals the change of the continuous-time solution on the new held path (artifact <= 1.7e-13 vs RK4),TOY_MEASURED (pre-registered H5a),FR-E2-NEWOBS,results/raw/FR-E2-NEWOBS__uniform-real.jsonl,nested grids; right-endpoint hold,new samples are external observations of u
C09,5.3,Exact squared-norm decomposition of the change into path/artifact/cross terms; e.g. Delta=tau*g exact ZOH m=8 artifact 1.22 and cross -0.25 of sum ||T||^2,EXPLORATORY (re-aggregation of stored outputs),FR-E2-NEWOBS,results/raw/FR-E2-NEWOBS__uniform-real.jsonl; results/paper_assets.json; paper/generated/tab_newobs.tex,exact-ZOH output used as proxy for the CT held-path solution (validated to 1.7e-13),replaces the non-additive norm-ratio column of results/first_run_summary.md
C10,5.4,On a split-invariant backbone a density change moves the sample mean by 0.30 and the sample sum by 1.5 while the exact held-path integral moves by 1.5e-16,TOY_MEASURED (pre-registered H7a; H7b),FR-E3-READOUT,results/raw/FR-E3-READOUT__uniform-real.jsonl; paper/generated/tab_readout.tex,first half split only; scale normalization defined in config,
C11,5.4,H7c_original (change of right-endpoint sum vs m=1 decreases with m) fails,FAIL (mis-specified before the run; amendment A2),FR-E3-READOUT,results/raw/hypotheses.json,,kept and reported
C12,5.4,H7c_restated (gap between right-endpoint sum and exact integral decreases) passes only weakly: median slope -0.076; 21/32 units negative,WEAK_PASS,FR-E3-READOUT,results/raw/hypotheses.json; results/raw/FR-E3-READOUT__uniform-real.jsonl,,cause (unrefined half) not tested
C13,5.4,With new observations in the first half the sample-mean error to the CT average grows from 0.060 to 0.28 (9.0x the exact-integral error at m=8),TOY_MEASURED (pre-registered H8),FR-E3-READOUT,results/raw/FR-E3-READOUT__uniform-real.jsonl,,
C14,5.4,Fixes are not additive; each alone leaves at least half of the change; only physical step + exact ZOH + exact integral reaches 1.5e-16,TOY_MEASURED,FR-E3-READOUT,results/raw/FR-E3-READOUT__uniform-real.jsonl; paper/generated/tab_interaction.tex,split of first half; m=8,no percentage attribution
C15,5.4,Stop condition S2 triggered: toy provides no support for a new architecture,OPERATIONAL_DECISION (not a statistical test; not equivalence; not novelty),FIRST_RUN,results/raw/hypotheses.json; configs/first_run.json,,architecture claim STOPPED; TIDES is prior art
C16,4.2/5.5,In a two-layer linear cascade the exact coupled solution is split-invariant (1.7e-15) while the layerwise endpoint-hold computation has error 0.19 at m=1 and 0.026 at m=8 (slope -0.95; -0.93 for a=c),STANDARD + TOY_MEASURED (pre-registered),P1-COMP-01,results/raw/P1-COMP-01.jsonl; results/raw/P1-COMP-01__hypotheses.json; paper/generated/tab_coupling.tex,"held input of FIRST_RUN unit 0; a,c>0",no external observation added
C17,4.2,Layerwise error bound |e_k| <= |bd| U delta e^{c delta}/c uniformly in T (including a=c),PROVED (elementary; written in paper; not independently checked),P1-COMP-01 (consistency only),paper/main.tex (Prop. 4.2),"zero initial state; |u|<=U; a,c>0",standard numerical analysis; not a contribution
C18,4.2,Changes from resampling an internal signal between layers are reconstruction errors and not new external information,INTERPRETATION (definitional),P1-COMP-01,paper/main.tex (Sec. 4.2),,corrects earlier wording in RESEARCH_PACKET C8
C19,App. C,First-order hold-error bound uniform in T under A1-A4,UNPROVED (sketch),FR-E2-NEWOBS (consistency only),paper/main.tex (App. C),A1-A4,needs Caratheodory treatment
C20,App. C,Euler-B global O(delta) bound with constant growing with Delta*|lambda|,UNPROVED (sketch),FR-E4-NUMERICS (consistency only),paper/main.tex (App. C),A1-A4,
C21,App. C,Delta=tau*g artifact tends to a nonzero limit under refinement,CONJECTURE,FR-E1-SPLIT (consistency only),paper/main.tex (App. C),,
C22,App. B,Emulated float32 split-composition drift reaches 1.1e-4 at 16384 sub-steps,TOY_MEASURED (emulation),FR-E4-NUMERICS (N4),results/raw/FR-E4-NUMERICS__scalar.jsonl,every primitive rounded; correctly rounded exp,not a GPU kernel
C23,App. B,Naive (exp(z)-1)/lambda has relative error 8.0e-4 at z=-1e-14 (float64); expm1 stays at rounding level,MEASURED,FR-E4-NUMERICS (N1),results/raw/FR-E4-NUMERICS__scalar.jsonl,50-digit Decimal reference,
C24,5.6/App. D,Official TIDES code: step proportional to physical gap; ZOH B via (Lambda_bar-1)/Lambda; right-endpoint scan; BatchNorm over batch and time; optional conv off by default; classifier mean pooling,CODE_READ (effect NOT_RUN),P1-REAL-01,configs/p1_real_01.json (code_facts_verified_by_reading),TIDES @ 4b51adce2060e7209e002a6a2fd6691a2f6fcc5e,no claim about TIDES results
C25,2/App. D,Official Mamba reference scan uses deltaB_u = delta*B*u (exponential-Euler); depthwise conv1d with d_conv=4 precedes the SSM,CODE_READ + PRIOR_WORK (Mamba-3 Sec. 3.1),none,RESEARCH_PACKET.md Sec. 7; RELATED_WORK.md,state-spaces/mamba @ e9594ce1c732d97440f0332fdc43170a2294dbfa,not a contribution
C26,5.6,Any trained-model result (TIDES; Mamba; S4; S5),NOT_RUN,P1-REAL-01,configs/p1_real_01.json; scripts/run_p1_real_01.py,,requires approvals A-R1..A-R4
C27,5.6,Prediction: native two-block TIDES changes under splitting beyond the float32 floor; resampling is split-invariant by construction,PREDICTION (NOT_RUN),P1-REAL-01,configs/p1_real_01.json (predictions_before_results),,
C28,4.1,A token-indexed convolution violates assumption (ii) of Prop. 4.1,ANALYTIC_ARGUMENT (magnitude NOT_RUN),none,paper/main.tex (Sec. 4.1),,
C29,5.1,Bilinear with complex modes changes more under splitting (0.24 vs 0.0092 for real modes at m=8),TOY_MEASURED (secondary; descriptive; 8 units),FR-E1-SPLIT,results/raw/FR-E1-SPLIT__uniform-complex.jsonl,,cause not tested
C30,1/2,Physical Delta t in discretization; per-step Delta t (S5); test-time Delta rescaling (S4; S5); exponential-Euler in Mamba code (Mamba-3); physical-Delta selective SSM (TIDES),PRIOR_WORK (not a contribution),none,RELATED_WORK.md; paper/bib_provenance.json,,key equations and experiment sections of TIDES/Mamba-3/S5 checked in original text
C31,2,No source we read refines the same held path for selective SSMs while separating splitting from new observations,ABSENCE_OF_EVIDENCE (not proof of novelty),none,RELATED_WORK.md,,
